<?xml version="1.0" encoding="UTF-8"?>
<project-private xmlns="http://www.netbeans.org/ns/project-private/1">
    <editor-bookmarks xmlns="http://www.netbeans.org/ns/editor-bookmarks/2" lastBookmarkId="0"/>
    <open-files xmlns="http://www.netbeans.org/ns/projectui-open-files/2">
        <group>
            <file>file:/E:/xstok/xstokv2/www/reserve_value_auction.html</file>
            <file>file:/E:/xstok/xstokv2/www/work_with_us.html</file>
            <file>file:/E:/xstok/xstokv2/www/auction_room.html</file>
            <file>file:/E:/xstok/xstokv2/www/kyc_single.html</file>
            <file>file:/E:/xstok/xstokv2/www/profile_edit.html</file>
            <file>file:/E:/xstok/xstokv2/www/emd.html</file>
            <file>file:/E:/xstok/xstokv2/www/forgot_password.html</file>
            <file>file:/E:/xstok/xstokv2/www/home.html</file>
            <file>file:/E:/xstok/xstokv2/www/register.html</file>
            <file>file:/E:/xstok/xstokv2/www/logout.html</file>
            <file>file:/E:/xstok/xstokv2/www/no_connection.html</file>
            <file>file:/E:/xstok/xstokv2/www/shipping_detail.html</file>
            <file>file:/E:/xstok/xstokv2/www/otp.html</file>
            <file>file:/E:/xstok/xstokv2/www/filter.html</file>
            <file>file:/E:/xstok/xstokv2/www/kyc_c.html</file>
            <file>file:/E:/xstok/xstokv2/www/closed_bid_auction.html</file>
            <file>file:/E:/xstok/xstokv2/www/auction_won.html</file>
            <file>file:/E:/xstok/xstokv2/www/signin.html</file>
            <file>file:/E:/xstok/xstokv2/www/active_auction.html</file>
            <file>file:/E:/xstok/xstokv2/www/calendar.html</file>
            <file>file:/E:/xstok/xstokv2/www/dashboard.html</file>
            <file>file:/E:/xstok/xstokv2/www/story.html</file>
            <file>file:/E:/xstok/xstokv2/www/marketplace_auction.html</file>
            <file>file:/E:/xstok/xstokv2/www/watchlist.html</file>
            <file>file:/E:/xstok/xstokv2/www/profile.html</file>
            <file>file:/E:/xstok/xstokv2/www/assorted_auction.html</file>
            <file>file:/E:/xstok/xstokv2/www/js/main.js</file>
            <file>file:/E:/xstok/xstokv2/www/css/style.css</file>
            <file>file:/E:/xstok/xstokv2/www/welcome.html</file>
            <file>file:/E:/xstok/xstokv2/www/notifications.html</file>
            <file>file:/E:/xstok/xstokv2/www/contact.html</file>
            <file>file:/E:/xstok/xstokv2/www/curate_auction.html</file>
            <file>file:/E:/xstok/xstokv2/www/search.html</file>
            <file>file:/E:/xstok/xstokv2/www/buyer_protection.html</file>
            <file>file:/E:/xstok/xstokv2/www/kyc.html</file>
            <file>file:/E:/xstok/xstokv2/config.xml</file>
            <file>file:/E:/xstok/xstokv2/www/payment.html</file>
        </group>
    </open-files>
</project-private>
